그02,interj
그래01,interj
그럼02,interj
그렇지,interj
글쎄01,interj
글쎄요,interj
네03,interj
뭐,interj
뭘01,interj
세상에,interj
아02,interj
아냐,interj
아뇨01,interj
아니02,interj
아니야,interj
아니요,interj
아아01,interj
아유01,interj
아이02,interj
아이고,interj
아하,interj
안녕,interj
야04,interj
얘02,interj
어02,interj
어디01,interj
어머,interj
에02,interj
여보01,interj
여보세요,interj
예06,interj
오02,interj
와02,interj
원02,interj
으응,interj
음01,interj
응01,interj
자04,interj
저05,interj
저기02,interj
저런02,interj
정말01,interj
좋아,interj
참01,interj
강원도,natVocab
경기도,natVocab
경복궁,natVocab
경상도,natVocab
경주,natVocab
고구려,natVocab
고려,natVocab
광주,natVocab
금강산,natVocab
김포공항,natVocab
남대문,natVocab
남대문시장,natVocab
남미,natVocab
남산,natVocab
뉴욕,natVocab
대구,natVocab
대전,natVocab
대학로,natVocab
대한민국,natVocab
덕수궁,natVocab
도쿄(동경),natVocab
독일,natVocab
동대문,natVocab
동대문시장,natVocab
러시아,natVocab
런던,natVocab
미국,natVocab
백두산,natVocab
백제,natVocab
베이징(북경),natVocab
부산,natVocab
북한,natVocab
서울,natVocab
서울역,natVocab
설악산,natVocab
세종대왕,natVocab
신라,natVocab
아시아,natVocab
아프리카,natVocab
안동,natVocab
영국,natVocab
울산,natVocab
유럽,natVocab
인천,natVocab
인천공항,natVocab
일본,natVocab
전라도,natVocab
전주,natVocab
제주도,natVocab
조선05,natVocab
종로,natVocab
중국,natVocab
지리산,natVocab
충청도,natVocab
캐나다,natVocab
파리,natVocab
평양,natVocab
프랑스,natVocab
한강,natVocab
한국,natVocab
한라산,natVocab
한반도,natVocab
호주,natVocab
각01,adj
그01,adj
그런01,adj
넉01,adj
네02,adj
넷째,adj
다른,adj
다섯째,adj
단09,adj
대여섯,adj
동09,adj
두01,adj
두세,adj
두어,adj
둘째,adj
딴03,adj
만06,adj
만07,adj
맨01,adj
몇,adj
몇몇,adj
몇십,adj
모15,adj
모든,adj
무슨,adj
백05,adj
별02,adj
본03,adj
새06,adj
서너,adj
석02,adj
세01,adj
셋째,adj
수만,adj
수백04,adj
수십,adj
수천07,adj
스무,adj
아무01,adj
아무런,adj
약03,adj
양07,adj
어느01,adj
어떤,adj
여러,adj
옛01,adj
오랜,adj
온01,adj
온갖,adj
올02,adj
요03,adj
웬01,adj
이05,adj
이런01,adj
이런저런,adj
일대01,adj
저04,adj
저런01,adj
전07,adj
전08,adj
주03,adj
천03,adj
첫,adj
첫째,adj
총06,adj
한01,adj
한두,adj
헌,adj
현04,adj
거01,pron
거기01,pron
그01,pron
그거,pron
그것,pron
그곳,pron
그녀,pron
그놈,pron
그대,pron
그분,pron
그이01,pron
그쪽,pron
나03,pron
너01,pron
너희,pron
누구,pron
당신02,pron
모15,pron
무어01,pron
무엇,pron
뭐,pron
뭣,pron
아무01,pron
아무개,pron
어디01,pron
언제01,pron
여기01,pron
여러분,pron
우리03,pron
이05,pron
이거01,pron
이것,pron
이곳,pron
이놈01,pron
이분01,pron
이쪽02,pron
자기04,pron
자네01,pron
저03,pron
저04,pron
저거01,pron
저것,pron
저곳,pron
저기01,pron
저쪽,pron
저편,pron
저희01,pron
가까워지다,v
가꾸다,v
가능해지다,v
가다01,v
가라앉다,v
가려지다,v
가로막다,v
가르다,v
가르치다01,v
가리다02,v
가리다03,v
가리키다01,v
가만있다,v
가입하다,v
가져가다,v
가져다주다,v
가져오다,v
가지다,v
가하다01,v
갇히다,v
갈다01,v
갈다02,v
갈아입다,v
갈아타다,v
감다01,v
감다03,v
감사하다05,v
감상하다04,v
감소되다,v
감소하다,v
감싸다,v
감추다,v
강요하다,v
강의하다02,v
강조하다,v
강화하다02,v
갖다01,v
갖추다,v
같이하다,v
갚다,v
개다01,v
개발되다,v
개발하다,v
개방되다,v
개방하다03,v
개선되다01,v
개선하다01,v
거두다,v
거들다01,v
거부하다,v
거절하다01,v
거치다01,v
걱정되다,v
걱정하다,v
건너가다,v
건너다,v
건너오다,v
건네다,v
건네주다,v
건드리다,v
건설되다,v
건설하다,v
건지다,v
걷다02,v
걷다03,v
걷다04,v
걸다02,v
걸리다01,v
걸어가다,v
걸어오다01,v
걸치다,v
겁나다02,v
겪다,v
견디다,v
결석하다,v
결심하다01,v
결정되다01,v
결정하다01,v
결혼하다,v
경고하다02,v
경영하다01,v
경험하다,v
계산하다,v
계속되다02,v
계속하다03,v
계시다,v
계획하다01,v
고려하다01,v
고르다01,v
고민하다,v
고생하다,v
고집하다,v
고치다01,v
공개하다,v
공격하다,v
공부하다,v
공연되다,v
공연하다02,v
공통되다,v
관계되다,v
관련되다,v
관련하다,v
관리하다,v
관찰하다,v
관하다02,v
괴로워하다,v
괴롭히다,v
교환하다01,v
구경하다,v
구르다01,v
구별되다,v
구별하다,v
구분되다,v
구분하다03,v
구성되다,v
구성하다,v
구속되다,v
구속하다01,v
구입하다03,v
구하다01,v
구하다03,v
굳어지다,v
굳히다,v
굶다,v
굽다01,v
굽히다,v
권하다,v
귀가하다01,v
귀국하다,v
그러다,v
그려지다,v
그리다02,v
그리워하다,v
그만두다,v
그치다,v
극복하다01,v
근거하다,v
근무하다,v
긁다,v
금지되다,v
금지하다,v
금하다02,v
급증하다,v
긋다01,v
기념하다,v
기다01,v
기다리다,v
기대다01,v
기대되다,v
기대하다,v
기도하다02,v
기록되다,v
기록하다,v
기르다,v
기뻐하다,v
기술하다01,v
기억나다,v
기억되다,v
기억하다02,v
기여하다,v
기울다,v
기울이다,v
기초하다03,v
긴장되다,v
긴장하다,v
길어지다,v
까다01,v
까먹다,v
깎다,v
깔다,v
깔리다01,v
깨끗해지다,v
깨다01,v
깨다02,v
깨닫다,v
깨뜨리다,v
깨어나다,v
깨어지다,v
깨우다01,v
깨지다,v
꺼내다,v
꺼지다01,v
꺾다,v
꼽히다01,v
꽂다,v
꾸다01,v
꾸다02,v
꾸리다01,v
꾸미다,v
꿈꾸다,v
끄다01,v
끄덕이다,v
끊기다,v
끊다,v
끊어지다,v
끌다,v
끌리다,v
끌어당기다,v
끓다,v
끓이다01,v
끝나다,v
끝내다,v
끼다02,v
끼다03,v
끼어들다,v
끼우다01,v
나가다,v
나누다,v
나누어지다,v
나뉘다,v
나다01,v
나르다01,v
나빠지다,v
나서다,v
나아가다,v
나아지다,v
나오다,v
나타나다,v
나타내다,v
날다01,v
날리다02,v
날아가다,v
날아다니다,v
날아오다,v
남기다,v
남다01,v
납득하다,v
낫다01,v
낮아지다,v
낮추다,v
낳다01,v
내놓다,v
내다02,v
내다보다,v
내려가다,v
내려놓다,v
내려다보다,v
내려오다,v
내려지다,v
내리다01,v
내밀다,v
내버리다,v
내보내다,v
내쉬다,v
내주다,v
넓어지다,v
넓히다,v
넘겨주다,v
넘기다,v
넘다01,v
넘어가다01,v
넘어뜨리다,v
넘어서다,v
넘어오다,v
넘어지다,v
넘치다,v
넣다,v
노래하다,v
노력하다01,v
녹다01,v
녹음하다,v
녹이다,v
논의하다,v
논하다,v
놀다01,v
놀라다,v
놀리다01,v
농사짓다,v
높아지다,v
높이다,v
놓다01,v
놓아두다,v
놓이다,v
놓치다,v
놔두다,v
누르다01,v
눈감다,v
눈뜨다,v
눕다01,v
느껴지다,v
느끼다02,v
늘다01,v
늘리다,v
늘어나다,v
늘어놓다,v
늘어서다,v
늘어지다,v
늙다,v
늦다,v
늦어지다,v
다가가다,v
다가서다,v
다가오다,v
다녀가다,v
다녀오다,v
다니다,v
다듬다,v
다루다01,v
다양해지다,v
다지다,v
다짐하다,v
다치다01,v
다투다,v
다하다,v
닥치다01,v
닦다01,v
닫다02,v
닫히다,v
달다03,v
달다04,v
달다05,v
달라지다,v
달래다01,v
달려가다,v
달려들다,v
달려오다,v
달리다01,v
달리다04,v
달리하다01,v
달아나다,v
닮다,v
담그다,v
담기다01,v
담다01,v
담당하다,v
답하다,v
당기다01,v
당하다01,v
당황하다,v
닿다01,v
대기하다04,v
대다01,v
대답하다,v
대비하다04,v
대신하다,v
대응하다,v
대접하다,v
대처하다02,v
대표하다,v
대하다02,v
대화하다02,v
더러워지다,v
더불다,v
더하다,v
던지다,v
덜다01,v
덧붙이다,v
덮다,v
덮이다,v
데려가다,v
데려오다,v
데리다,v
데우다01,v
도달하다01,v
도망가다,v
도망치다,v
도와주다,v
도착하다01,v
독립하다,v
돌다,v
돌려주다,v
돌리다04,v
돌보다,v
돌아가다,v
돌아다니다,v
돌아보다,v
돌아서다,v
돌아오다,v
돕다,v
동의하다01,v
되다01,v
되돌리다,v
되돌아가다,v
되돌아보다,v
되돌아오다,v
되살리다,v
되찾다,v
되풀이되다,v
되풀이하다01,v
두다01,v
두드리다,v
두려워하다,v
두르다,v
두리번거리다,v
둘러보다,v
둘러싸다,v
둘러싸이다,v
뒤따르다,v
뒤지다02,v
뒤집다,v
드러나다,v
드리다01,v
듣다01,v
들다01,v
들다04,v
들려오다,v
들려주다,v
들르다,v
들리다03,v
들어가다01,v
들어서다,v
들어오다,v
들어주다,v
들여놓다,v
들여다보다,v
들이다02,v
들이마시다02,v
들이켜다01,v
등록하다01,v
등장하다01,v
따다01,v
따라가다,v
따라다니다,v
따라오다,v
따르다01,v
따르다02,v
때리다01,v
떠나가다,v
떠나다,v
떠나오다,v
떠들다01,v
떠오르다,v
떠올리다,v
떨다01,v
떨리다01,v
떨어뜨리다,v
떨어지다,v
떼다01,v
뚫다,v
뛰놀다,v
뛰다01,v
뛰다02,v
뛰어가다,v
뛰어나가다,v
뛰어나오다,v
뛰어내리다,v
뛰어넘다,v
뛰어놀다,v
뛰어다니다,v
뛰어들다,v
뛰어오다,v
뛰어오르다,v
뜨다01,v
뜨다03,v
뜨다05,v
뜯다,v
뜻하다,v
띄다01,v
띄우다02,v
마련되다,v
마련하다,v
마르다01,v
마시다,v
마음먹다,v
마주치다,v
마치다02,v
막다01,v
막히다,v
만나다,v
만들다,v
만들어지다,v
만족하다,v
만지다,v
많아지다,v
말다01,v
말다03,v
말리다02,v
말리다03,v
말씀드리다,v
말씀하다,v
말하다,v
맛보다01,v
망설이다,v
망치다,v
망하다,v
맞다01,v
맞다02,v
맞다03,v
맞서다,v
맞이하다,v
맞추다01,v
맡기다,v
맡다01,v
맡다02,v
매다01,v
매달다,v
매달리다,v
맺다,v
머무르다,v
머물다,v
먹고살다,v
먹다01,v
먹다02,v
먹이다,v
먹히다,v
멀어지다,v
멈추다,v
멎다01,v
메다02,v
메우다02,v
면하다01,v
모르다,v
모색하다02,v
모시다,v
모여들다,v
모으다,v
모이다01,v
모자라다,v
모집하다,v
몰다01,v
몰려들다,v
몰려오다,v
못하다,v
묘사하다,v
무너지다,v
무시하다,v
묵다01,v
묵다02,v
묶다,v
묶이다,v
문제되다,v
묻다01,v
묻다02,v
묻다03,v
묻히다01,v
묻히다02,v
물다02,v
물러나다,v
물어보다,v
미끄러지다,v
미루다,v
미워하다,v
미치다01,v
미치다02,v
믿다,v
믿어지다,v
밀다01,v
밀리다01,v
바꾸다,v
바뀌다,v
바라다01,v
바라보다,v
바로잡다,v
바르다01,v
바치다01,v
박다01,v
박히다,v
반기다,v
반대하다01,v
반복되다,v
반복하다01,v
반성하다01,v
반영하다,v
반짝거리다,v
반짝이다,v
반하다03,v
받다01,v
받아들이다,v
발견되다,v
발견하다01,v
발달되다,v
발달하다,v
발생하다,v
발음하다01,v
발전되다,v
발전하다01,v
발표되다,v
발표하다,v
발휘하다,v
밝다,v
밝아지다,v
밝혀내다,v
밝혀지다,v
밝히다,v
밟다,v
밤새다,v
밤새우다,v
방문하다,v
방송하다01,v
방지하다01,v
방해하다,v
배다01,v
배우다01,v
뱉다,v
버려지다,v
버리다01,v
버티다,v
번역하다,v
벌다02,v
벌리다01,v
벌어지다01,v
벌어지다02,v
벌이다,v
벗기다02,v
벗다,v
베다02,v
변하다,v
변화되다,v
변화하다,v
병들다,v
보고하다02,v
보관하다,v
보내다,v
보내오다,v
보다01,v
보도되다,v
보도하다02,v
보살피다,v
보완하다,v
보이다01,v
보이다02,v
보장되다,v
보장하다01,v
보존하다,v
보충하다,v
보호되다,v
보호하다,v
복사하다03,v
복습하다,v
볶다,v
봉사하다01,v
뵈다01,v
뵈다02,v
뵙다,v
부담하다01,v
부딪치다,v
부딪히다,v
부러워하다,v
부러지다,v
부르다01,v
부서지다,v
부정하다06,v
부치다02,v
부탁하다,v
분리되다,v
분리하다03,v
분명해지다,v
분석하다02,v
분포하다02,v
불구하다02,v
불다01,v
불러일으키다,v
불리다04,v
불리다07,v
불어오다,v
붐비다,v
붓다01,v
붓다02,v
붙다,v
붙들다,v
붙이다,v
붙잡다,v
붙잡히다,v
비교하다,v
비기다01,v
비다01,v
비롯되다,v
비롯하다,v
비비다,v
비우다01,v
비웃다,v
비추다,v
비치다01,v
비키다,v
비판하다,v
비하다,v
빌다01,v
빌리다,v
빛나다,v
빠뜨리다,v
빠져나가다,v
빠져나오다,v
빠지다01,v
빠지다02,v
빨다01,v
빨다02,v
빼놓다,v
빼다01,v
빼앗기다,v
빼앗다,v
뺏다,v
뻗다,v
뽑다,v
뽑히다,v
뿌리다,v
뿌리치다,v
사과하다02,v
사귀다,v
사다,v
사들이다,v
사라지다,v
사랑하다,v
사망하다01,v
사용되다,v
사용하다03,v
살다01,v
살리다,v
살아가다,v
살아나다,v
살아남다,v
살아오다,v
살펴보다,v
살피다01,v
삶다,v
삼가다,v
삼다02,v
삼키다,v
상상하다03,v
상징하다,v
상하다02,v
새기다01,v
새다01,v
새우다01,v
생각나다,v
생각되다,v
생각하다,v
생겨나다,v
생기다,v
생산되다,v
생산하다,v
생활하다,v
서다01,v
서두르다,v
서명하다01,v
섞다,v
섞이다,v
선물하다,v
선언하다,v
선정하다03,v
선택하다,v
선호하다01,v
설득하다,v
설립하다,v
설명되다,v
설명하다,v
설치되다01,v
설치하다01,v
성공하다,v
성립되다,v
성립하다,v
성숙하다,v
성장하다01,v
세다02,v
세우다01,v
세워지다,v
소개되다,v
소개하다01,v
소리치다,v
소문나다,v
소비하다,v
소요되다,v
소유하다01,v
소화하다01,v
속삭이다,v
속이다,v
속하다02,v
손잡다,v
손질하다,v
솟다01,v
수고하다01,v
수리하다02,v
수입되다02,v
수입하다02,v
수집하다02,v
수출하다03,v
수행하다02,v
숙이다,v
숨기다,v
숨다01,v
숨지다,v
쉬다03,v
쉬다04,v
스치다01,v
슬퍼하다,v
승리하다,v
시도하다03,v
시들다,v
시작되다01,v
시작하다01,v
시집가다,v
시키다01,v
식다01,v
식사하다02,v
식히다,v
신고하다01,v
신다,v
신청하다01,v
싣다01,v
실례하다,v
실리다01,v
실망하다02,v
실수하다,v
실시되다,v
실시하다03,v
실천하다01,v
실패하다01,v
실현되다,v
실현하다,v
싫어지다,v
싫어하다,v
심각해지다,v
심다01,v
심해지다,v
싸다01,v
싸우다,v
쌓다,v
쌓이다,v
썩다,v
썰다01,v
쏘다01,v
쏟다,v
쏟아지다,v
쓰다01,v
쓰다02,v
쓰다03,v
쓰다듬다,v
쓰러지다,v
쓰이다01,v
쓰이다03,v
쓸다02,v
씌우다01,v
씹다01,v
씻기다01,v
씻기다02,v
씻다,v
아끼다,v
안기다01,v
안기다02,v
안내하다,v
안다01,v
안되다01,v
안심하다,v
안정되다,v
앉다,v
앉히다,v
않다,v
알다,v
알려지다,v
알리다,v
알아내다,v
알아듣다,v
알아보다,v
알아주다,v
앓다,v
앞두다,v
앞서다,v
앞세우다,v
앞장서다,v
애쓰다,v
약속하다,v
약해지다,v
양보하다,v
얘기하다,v
어기다01,v
어두워지다,v
어려워지다,v
어리다01,v
어울리다,v
어쩌다01,v
어찌하다,v
얹다,v
얻다01,v
얻어먹다,v
얼다01,v
얼리다03,v
업다,v
없애다,v
없어지다,v
엇갈리다,v
엎드리다,v
여겨지다,v
여기다,v
여쭈다,v
여행하다01,v
연결되다,v
연결하다01,v
연구하다02,v
연기되다01,v
연기하다01,v
연락하다02,v
연상하다02,v
연습하다03,v
연출하다,v
열다02,v
열리다01,v
열리다02,v
열중하다,v
염려하다01,v
엿보다,v
예고하다,v
예매하다01,v
예방하다01,v
예상되다,v
예상하다,v
예습하다,v
예약하다,v
예정되다,v
예측하다,v
오가다,v
오다01,v
오래되다,v
오르내리다,v
오르다,v
오염되다,v
올라가다,v
올라서다,v
올라오다,v
올라타다,v
올려놓다,v
올려다보다,v
올리다01,v
옮기다,v
완성되다,v
완성하다01,v
외다02,v
외면하다,v
외우다01,v
외출하다,v
외치다01,v
요구되다,v
요구하다,v
요리하다02,v
요약하다02,v
요청하다,v
욕하다,v
용서하다,v
우승하다,v
운동하다,v
운영하다,v
운전하다,v
울다01,v
울리다01,v
울리다02,v
움직이다,v
웃기다,v
웃다,v
원하다02,v
위로하다,v
위반하다02,v
위치하다,v
위하다01,v
유발하다,v
유의하다02,v
유지되다,v
유지하다02,v
유행하다01,v
응답하다,v
의논하다,v
의미하다02,v
의식하다02,v
의심하다,v
의존하다,v
의지하다,v
의하다01,v
이기다01,v
이끌다,v
이동하다,v
이러다,v
이루다01,v
이루어지다,v
이룩하다,v
이뤄지다,v
이르다01,v
이르다02,v
이사하다01,v
이야기하다,v
이어지다,v
이용되다,v
이용하다01,v
이해되다,v
이해하다02,v
이혼하다,v
익다01,v
익숙해지다,v
익히다01,v
익히다02,v
인사하다,v
인식하다,v
인정되다,v
인정받다,v
인정하다,v
인하다01,v
일어나다,v
일어서다,v
일으키다,v
일치하다,v
일하다,v
읽다,v
읽히다01,v
잃다,v
잃어버리다,v
임신하다,v
입다01,v
입력하다,v
입사하다04,v
입원하다01,v
입학하다,v
입히다,v
잇다01,v
잇따르다,v
있다01,v
잊다01,v
잊어버리다,v
잊혀지다,v
자극하다,v
자다01,v
자라나다,v
자라다01,v
자랑하다01,v
자르다01,v
자살하다01,v
작성하다,v
작아지다,v
작용하다01,v
잘되다,v
잘리다01,v
잘못되다,v
잘못하다,v
잘살다,v
잘하다,v
잠그다01,v
잠기다02,v
잠들다,v
잠자다,v
잡다01,v
잡수다,v
잡수시다,v
잡아당기다,v
잡아먹다,v
잡히다02,v
재다02,v
재우다01,v
저러다,v
저지르다,v
적다01,v
적어지다,v
적용되다,v
적용하다,v
적응하다02,v
적히다,v
전개되다,v
전개하다02,v
전공하다01,v
전달되다,v
전달하다02,v
전망하다02,v
전시되다,v
전시하다01,v
전하다,v
전해지다,v
전화하다02,v
전환하다02,v
절약하다,v
접근하다,v
접다01,v
접하다01,v
젓다01,v
정리되다,v
정리하다,v
정하다03,v
정해지다,v
젖다01,v
제거하다,v
제공하다02,v
제대하다,v
제시되다,v
제시하다01,v
제안하다02,v
제외되다,v
제외하다,v
제의하다,v
제작하다02,v
제출하다02,v
제한되다,v
제한하다,v
조르다02,v
조사하다12,v
조심하다02,v
조절하다02,v
조정하다06,v
조화되다,v
존경하다,v
존재하다,v
존중하다,v
졸다01,v
졸리다01,v
졸업하다,v
좁히다01,v
종합하다,v
좋아지다,v
좋아하다,v
주고받다,v
주다01,v
주무시다,v
주문하다01,v
주어지다,v
주의하다01,v
주장하다01,v
주저앉다,v
주차하다01,v
죽다01,v
죽이다01,v
준비되다,v
준비하다,v
줄다,v
줄어들다,v
줄이다,v
줍다01,v
중단되다,v
중단하다,v
중얼거리다,v
중요시하다,v
쥐다01,v
즐거워하다,v
즐기다01,v
증가하다01,v
증명하다,v
지급하다01,v
지나가다,v
지나다,v
지나치다,v
지내다01,v
지니다,v
지다02,v
지다03,v
지다04,v
지다05,v
지도하다,v
지르다03,v
지배하다01,v
지불하다01,v
지속되다,v
지시하다,v
지우다01,v
지우다05,v
지워지다,v
지원하다01,v
지적되다,v
지적하다,v
지치다01,v
지켜보다,v
지키다01,v
진단하다,v
진출하다02,v
진행되다,v
진행하다,v
질문하다,v
짐작하다,v
집다01,v
집어넣다,v
집중되다,v
집중하다02,v
짓다01,v
짚다01,v
짜다01,v
짜다02,v
짧아지다,v
쩔쩔매다,v
쫓겨나다,v
쫓기다,v
쫓다,v
찌다01,v
찌다05,v
찌르다,v
찍다02,v
찍히다02,v
찢다,v
찢어지다,v
차다01,v
차다02,v
차다03,v
차리다,v
착각하다,v
찬성하다,v
참가하다01,v
참고하다,v
참다,v
참석하다,v
참여하다,v
창조하다,v
찾다,v
찾아가다,v
찾아내다,v
찾아다니다,v
찾아보다,v
찾아오다,v
채우다03,v
책임지다,v
챙기다,v
청소하다03,v
청하다,v
체험하다,v
쳐다보다,v
초대하다02,v
초청하다,v
추가되다,v
추가하다,v
추다02,v
추진하다02,v
추천하다02,v
축하하다,v
출근하다,v
출발하다,v
출석하다,v
출연하다02,v
출현하다,v
춤추다,v
충돌하다,v
취소하다01,v
취하다01,v
취하다03,v
치다01,v
치다02,v
치다05,v
치다10,v
치료하다,v
치르다,v
치우다01,v
친해지다,v
칠하다,v
칭찬하다,v
커지다,v
켜다01,v
켜지다,v
크다01,v
키우다,v
타고나다,v
타다01,v
타다02,v
타다03,v
타다04,v
타오르다,v
탄생하다,v
탈출하다02,v
태어나다,v
태우다01,v
태우다02,v
택하다,v
터뜨리다,v
터지다,v
털다,v
토론하다,v
토하다,v
통과하다,v
통일하다,v
통하다,v
퇴근하다,v
퇴원하다,v
튀기다01,v
튀다,v
튀어나오다,v
트이다,v
틀다,v
틀리다01,v
파괴하다,v
파다01,v
파악하다,v
판단하다,v
판매되다,v
판매하다,v
팔다,v
팔리다,v
퍼지다,v
펴내다,v
펴다,v
펼쳐지다,v
평가되다,v
평가하다,v
포기하다01,v
포함되다01,v
포함하다02,v
표시하다01,v
표시하다02,v
표현되다,v
표현하다,v
푸다01,v
풀다,v
풀리다,v
풀어지다,v
품다01,v
피다01,v
피우다01,v
피하다,v
하다01,v
한잔하다,v
한정되다,v
한정하다01,v
한하다02,v
함께하다,v
합격하다,v
합치다,v
합하다,v
해결되다,v
해결하다,v
해내다,v
해당되다,v
해당하다04,v
해석하다02,v
해소하다01,v
행동하다,v
행하다,v
행해지다,v
향상되다,v
향하다,v
허락하다,v
허용되다,v
허용하다,v
헤매다,v
헤아리다,v
헤어지다,v
형성되다,v
형성하다,v
혼나다,v
화나다,v
확대되다02,v
확대하다02,v
확립하다,v
확산되다,v
확신하다,v
확인되다,v
확인하다,v
환영하다,v
활동하다01,v
활발해지다,v
활용하다,v
회복되다,v
회복하다,v
효도하다,v
후회하다,v
훔치다02,v
흐려지다,v
흐르다01,v
흐리다01,v
흔들다,v
흔들리다,v
흘러가다,v
흘러나오다,v
흘러내리다,v
흘리다,v
흥분하다,v
흩어지다,v
희망하다,v
희생하다,v
힘들어하다,v
힘쓰다,v
가게,n
가격03,n
가구03,n
가구04,n
가까이,n
가난01,n
가능,n
가능성,n
가로01,n
가로등,n
가로수,n
가루01,n
가르침,n
가뭄,n
가방01,n
가사09,n
가상05,n
가수11,n
가스,n
가슴01,n
가슴속,n
가요02,n
가운데,n
가위01,n
가을01,n
가이드,n
가입,n
가입자,n
가장07,n
가정06,n
가정07,n
가정교사,n
가족01,n
가죽01,n
가지01,n
가짜,n
가치06,n
가치관,n
가톨릭,n
각각01,n
각국,n
각오01,n
각자02,n
각종,n
간01,n
간08,n
간격02,n
간부05,n
간섭,n
간식02,n
간장01,n
간접,n
간접적,n
간판02,n
간호,n
간호사,n
갈등,n
갈비01,n
갈비탕,n
갈색,n
갈증,n
감01,n
감12,n
감각02,n
감기04,n
감독02,n
감동02,n
감동적,n
감사08,n
감상05,n
감소01,n
감수성02,n
감옥02,n
감자01,n
감정06,n
감정적01,n
갑05,n
값,n
강01,n
강남,n
강당,n
강도05,n
강도06,n
강물,n
강변01,n
강북,n
강사04,n
강수량,n
강아지,n
강의02,n
강제01,n
강조02,n
갖가지,n
개03,n
개개인,n
개구리,n
개나리01,n
개미03,n
개방04,n
개별,n
개선01,n
개성03,n
개인02,n
개인적,n
객관적,n
거리01,n
거리08,n
거실02,n
거액,n
거울01,n
거짓,n
거짓말,n
거품,n
걱정,n
건강03,n
건너01,n
건너편,n
건넌방,n
건물03,n
건설,n
건조04,n
건축01,n
걷기,n
걸음,n
검사02,n
검사03,n
검은색,n
검정색,n
검토,n
겁05,n
겉01,n
게01,n
게시판,n
게임,n
겨울,n
겨울철,n
겨자01,n
견해02,n
결과02,n
결과적,n
결국,n
결론02,n
결석01,n
결승01,n
결심01,n
결정01,n
결혼,n
결혼식,n
경계04,n
경고04,n
경기05,n
경기11,n
경기장,n
경력02,n
경비02,n
경영02,n
경우03,n
경쟁,n
경쟁력,n
경제04,n
경제력,n
경제적,n
경제학,n
경찰04,n
경찰관,n
경찰서,n
경치02,n
경향02,n
경험,n
곁01,n
계곡01,n
계단04,n
계란,n
계산01,n
계산기,n
계약,n
계절01,n
계좌02,n
계층,n
계획01,n
고개01,n
고개02,n
고객04,n
고교04,n
고구마,n
고궁01,n
고급02,n
고기01,n
고등학교,n
고등학생,n
고모01,n
고모부,n
고무신,n
고민,n
고생,n
고속02,n
고속도로,n
고속버스,n
고양이,n
고장01,n
고장11,n
고전02,n
고집02,n
고추01,n
고추장,n
고춧가루,n
고통,n
고함01,n
고향02,n
곡02,n
곡식,n
골14,n
골목01,n
골목길,n
골짜기01,n
골치01,n
골프,n
골프장,n
곰03,n
곳01,n
곳곳,n
공01,n
공간05,n
공개02,n
공격02,n
공공02,n
공군02,n
공급02,n
공기06,n
공기07,n
공동02,n
공무원,n
공부01,n
공사02,n
공식01,n
공식적,n
공업01,n
공연02,n
공연장,n
공원03,n
공장02,n
공주01,n
공중03,n
공중전화,n
공짜,n
공책01,n
공통,n
공통적,n
공통점,n
공포08,n
공항02,n
공항버스,n
공해01,n
공휴일,n
과04,n
과10,n
과거02,n
과거03,n
과목02,n
과외,n
과일01,n
과자02,n
과장07,n
과정03,n
과정04,n
과제04,n
과학,n
과학자,n
과학적,n
관객,n
관계05,n
관계자,n
관광02,n
관광객,n
관광버스,n
관광지,n
관념02,n
관람,n
관람객,n
관련,n
관리01,n
관리04,n
관습,n
관심01,n
관심사,n
관점02,n
관찰01,n
광경,n
광고02,n
광장02,n
괴로움,n
교과서,n
교내01,n
교대01,n
교류01,n
교문01,n
교복01,n
교사09,n
교수06,n
교실,n
교양02,n
교외01,n
교육,n
교육비,n
교육자,n
교장03,n
교재01,n
교직04,n
교체01,n
교통01,n
교통사고,n
교포02,n
교환01,n
교회02,n
교훈02,n
구15,n
구경01,n
구두01,n
구름01,n
구멍,n
구별02,n
구분06,n
구석01,n
구석구석,n
구성07,n
구속02,n
구역04,n
구월02,n
구입03,n
구조08,n
구청02,n
구체적,n
국01,n
국가01,n
국가적,n
국기07,n
국내02,n
국내선,n
국내외,n
국립,n
국물,n
국민,n
국민적,n
국사03,n
국산,n
국수01,n
국어01,n
국왕,n
국적02,n
국제02,n
국제선,n
국제적,n
국제화,n
국회,n
국회의원,n
군05,n
군06,n
군대03,n
군사01,n
군사04,n
군인,n
궁극적,n
권리,n
권위,n
권투01,n
귀01,n
귀가03,n
귀국02,n
귀신01,n
귓속,n
규모,n
규정04,n
규칙02,n
규칙적,n
균형,n
귤,n
그간,n
그날,n
그늘,n
그다음,n
그동안,n
그때,n
그래픽,n
그룹01,n
그릇01,n
그리움,n
그림01,n
그림자,n
그사이,n
그저께,n
그전,n
그중,n
그해,n
극05,n
극복01,n
극작가,n
극장,n
근거,n
근교,n
근래,n
근로02,n
근로자,n
근무,n
근본,n
근본적,n
근원,n
근육,n
근처,n
글,n
글쓰기,n
글씨,n
글자,n
금02,n
금06,n
금고02,n
금년,n
금메달,n
금액02,n
금연01,n
금요일,n
금지04,n
급04,n
긍정적,n
기13,n
기23,n
기간07,n
기계07,n
기관11,n
기구14,n
기구15,n
기기13,n
기념02,n
기념일,n
기념품,n
기능01,n
기능03,n
기대03,n
기도03,n
기독교,n
기둥01,n
기록02,n
기름01,n
기법01,n
기본,n
기본적,n
기분01,n
기쁨,n
기사02,n
기사10,n
기성08,n
기성세대,n
기숙사,n
기술01,n
기술자,n
기억02,n
기업01,n
기업인,n
기여04,n
기온,n
기운01,n
기원05,n
기원전,n
기자05,n
기적03,n
기준03,n
기차01,n
기초06,n
기초적,n
기침01,n
기타01,n
기타02,n
기호01,n
기혼02,n
기회03,n
기획01,n
기후05,n
긴급,n
긴장,n
긴장감,n
길01,n
길가,n
길거리,n
길이01,n
김01,n
김03,n
김밥,n
김치01,n
김치찌개,n
깊이01,n
까닭,n
까만색,n
까치01,n
깍두기,n
깡패,n
깨달음,n
깨소금,n
껌,n
껍질,n
꼬리01,n
꼬마,n
꼭대기,n
꼴01,n
꽃01,n
꽃씨,n
꽃잎,n
꾸중,n
꿀,n
꿈01,n
꿈속,n
끈01,n
끝01,n
끼01,n
나들이01,n
나라01,n
나머지,n
나무01,n
나물01,n
나뭇가지,n
나뭇잎,n
나비03,n
나이01,n
나중01,n
나침반,n
나흘,n
낙엽,n
낚시,n
낚시꾼,n
낚싯대,n
난리02,n
난방02,n
날01,n
날개01,n
날씨01,n
날짜01,n
남01,n
남02,n
남04,n
남녀,n
남동생,n
남매,n
남부01,n
남북,n
남성01,n
남자02,n
남쪽,n
남편01,n
남학생,n
낭비,n
낮,n
낱말02,n
내과01,n
내년,n
내달,n
내부04,n
내외01,n
내외02,n
내용02,n
내용물,n
내일,n
내적01,n
내후년,n
냄비,n
냄새,n
냇물,n
냉동,n
냉면,n
냉방,n
냉장고,n
너머,n
네거리,n
넥타이,n
노동03,n
노동자,n
노란색,n
노래01,n
노래방,n
노랫소리,n
노력01,n
노선01,n
노인01,n
노트02,n
녹색,n
녹음03,n
녹차01,n
녹화03,n
논01,n
논리,n
논리적01,n
논문,n
논쟁,n
놀이01,n
놀이터,n
농구07,n
농담01,n
농민,n
농부01,n
농사01,n
농사일,n
농산물,n
농업,n
농장05,n
농촌,n
높이01,n
뇌03,n
누나01,n
눈01,n
눈04,n
눈가,n
눈길01,n
눈동자,n
눈물01,n
눈병,n
눈빛01,n
눈썹,n
눈앞,n
뉴스,n
느낌,n
늑대,n
능동적,n
능력02,n
늦가을,n
다03,n
다리01,n
다리02,n
다방02,n
다수,n
다양성,n
다음01,n
다이어트,n
다툼,n
다행,n
단06,n
단계03,n
단골01,n
단독02,n
단맛,n
단순02,n
단어,n
단위02,n
단점01,n
단지08,n
단체02,n
단추01,n
단편01,n
단풍01,n
달05,n
달걀,n
달러,n
달력,n
달리기,n
달빛,n
닭,n
닭고기,n
담01,n
담당,n
담당자,n
담배,n
담요,n
담임,n
답03,n
답변,n
답장,n
닷새,n
당근,n
당시02,n
당장02,n
대01,n
대가06,n
대개03,n
대규모,n
대기07,n
대기업,n
대낮,n
대다수,n
대답,n
대도시,n
대량01,n
대륙01,n
대문03,n
대부분,n
대비10,n
대사04,n
대사17,n
대사관,n
대상자03,n
대신03,n
대응02,n
대입01,n
대접05,n
대중02,n
대중교통,n
대중문화,n
대중적,n
대책03,n
대출03,n
대통령,n
대표,n
대표적,n
대학01,n
대학교,n
대학교수,n
대학생,n
대학원,n
대합실,n
대형04,n
대화06,n
대회02,n
댁01,n
댐02,n
더위,n
덕05,n
덕분,n
덩어리,n
데이트,n
도10,n
도11,n
도구10,n
도덕,n
도둑01,n
도로07,n
도마01,n
도망02,n
도서관,n
도시03,n
도시락,n
도심04,n
도움,n
도움말,n
도입,n
도자기,n
도장17,n
도전04,n
도중04,n
도착01,n
독감01,n
독립,n
독서03,n
독일어,n
독창적,n
돈01,n
돌02,n
돌멩이,n
동그라미,n
동기04,n
동기07,n
동네,n
동료,n
동물,n
동물원,n
동부05,n
동생01,n
동서04,n
동서남북,n
동시02,n
동아리02,n
동안01,n
동양03,n
동양인,n
동의02,n
동작03,n
동전05,n
동쪽,n
동창01,n
동포02,n
동행01,n
동화07,n
동화책,n
돼지,n
돼지고기,n
된장,n
된장찌개,n
두께01,n
두뇌,n
두려움,n
두부01,n
두통,n
둥지,n
뒤01,n
뒤쪽01,n
뒤편,n
뒷골목,n
뒷모습,n
뒷문,n
뒷산,n
드라마,n
들01,n
등01,n
등록01,n
등록금,n
등록증,n
등산,n
등산로,n
등장01,n
디스크,n
디자이너,n
디자인,n
따님,n
딸01,n
딸기,n
딸아이,n
땀01,n
땅01,n
땅바닥,n
땅속,n
땅콩,n
때01,n
때02,n
떡01,n
떡국,n
떡볶이,n
떼01,n
뚜껑,n
뜰01,n
뜻,n
뜻밖,n
라디오,n
라면01,n
라운드,n
라이벌,n
라이터,n
라인01,n
라켓,n
레몬,n
레스토랑,n
레이저,n
레저,n
렌즈,n
로봇,n
로터리,n
리그01,n
리듬,n
마누라01,n
마늘,n
마당,n
마디01,n
마라톤,n
마련,n
마루03,n
마무리,n
마사지,n
마약,n
마요네즈,n
마을01,n
마음01,n
마음가짐,n
마음속,n
마음씨,n
마이크,n
마중01,n
마지막,n
마찬가지,n
마찰,n
마크,n
막걸리,n
막내,n
만남,n
만두01,n
만세04,n
만약,n
만일01,n
만점,n
만족01,n
만화10,n
만화가,n
말01,n
말05,n
말기05,n
말씀,n
말투,n
맘01,n
맛01,n
망원경,n
맞은편,n
매01,n
매너,n
매력,n
매스컴,n
매일,n
매장06,n
매체,n
맥주,n
머리01,n
머리말,n
머리카락,n
머리칼,n
머릿속,n
먹이,n
먼지01,n
멋01,n
메뉴,n
메모,n
메시지,n
메일,n
며느리,n
며칠,n
면04,n
면05,n
면07,n
면담,n
면적,n
면접,n
멸치,n
명단01,n
명령01,n
명령어,n
명예01,n
명의02,n
명절01,n
명칭02,n
명함,n
모기01,n
모니터,n
모델,n
모두01,n
모래01,n
모레,n
모범02,n
모습01,n
모양02,n
모임01,n
모자08,n
모집,n
모퉁이,n
목01,n
목걸이01,n
목록,n
목사05,n
목소리,n
목숨,n
목요일,n
목욕,n
목욕탕,n
목적03,n
목표,n
몸01,n
몸매,n
몸무게,n
몸살01,n
몸속,n
몸짓,n
몸통,n
못01,n
묘사02,n
무02,n
무08,n
무게,n
무관심,n
무궁화,n
무기05,n
무늬,n
무대06,n
무더위,n
무덤,n
무료01,n
무릎,n
무리01,n
무리08,n
무역02,n
무용03,n
무용가,n
무지개,n
문05,n
문구01,n
문밖,n
문법01,n
문서,n
문자02,n
문장02,n
문제06,n
문제점,n
문학01,n
문학적,n
문화01,n
문화재,n
문화적,n
물01,n
물가02,n
물건,n
물결,n
물고기,n
물기,n
물론01,n
물리학,n
물속,n
물음01,n
물질02,n
물질적,n
물체,n
미14,n
미니02,n
미디어,n
미래02,n
미만01,n
미사일,n
미소05,n
미술,n
미술관,n
미스03,n
미역02,n
미용실,n
미움,n
미인01,n
미팅,n
미혼01,n
민간,n
민속01,n
민족,n
민주02,n
민주주의,n
민주화,n
믿음,n
밀가루,n
밑01,n
밑바닥,n
바04,n
바가지01,n
바구니,n
바깥,n
바깥쪽,n
바나나,n
바늘,n
바다,n
바닥01,n
바닷가,n
바닷물,n
바람01,n
바람02,n
바보,n
바위01,n
바이러스,n
바이올린,n
바지01,n
바퀴01,n
바탕01,n
박물관,n
박사01,n
박수02,n
박스,n
밖,n
반07,n
반11,n
반대03,n
반대편,n
반말,n
반면02,n
반발01,n
반성01,n
반응,n
반장08,n
반죽,n
반지02,n
반찬,n
받침,n
발01,n
발가락,n
발걸음,n
발견01,n
발길,n
발끝,n
발달,n
발등,n
발레,n
발목01,n
발바닥,n
발생,n
발음01,n
발자국,n
발전01,n
발전02,n
발톱,n
발표01,n
밤01,n
밤02,n
밤낮,n
밤새02,n
밤색,n
밤중,n
밤하늘,n
밥01,n
밥그릇,n
밥맛,n
밥상,n
밥솥,n
방07,n
방면01,n
방문02,n
방문03,n
방바닥,n
방법,n
방송01,n
방송국,n
방송사,n
방식01,n
방안01,n
방울01,n
방울02,n
방지04,n
방학,n
방해01,n
방향01,n
밭01,n
배01,n
배02,n
배03,n
배09,n
배경01,n
배구06,n
배꼽,n
배달02,n
배드민턴,n
배우01,n
배우자02,n
배추01,n
배추김치,n
배치03,n
백색01,n
백성,n
백인01,n
백화점,n
뱀,n
뱃사람,n
버릇01,n
버섯02,n
버스02,n
버터,n
버튼,n
번개01,n
번역,n
번지03,n
번호02,n
벌03,n
벌06,n
벌금,n
벌레01,n
범위,n
범인02,n
범죄,n
법01,n
법률,n
법원01,n
법적01,n
법칙,n
베개,n
벤치,n
벨트,n
벼01,n
벽06,n
변경04,n
변동,n
변명01,n
변신01,n
변호사,n
변화,n
별01,n
별도01,n
별명01,n
별일,n
병04,n
병05,n
병실02,n
병아리,n
병원02,n
보고03,n
보고서,n
보관01,n
보너스,n
보도04,n
보라색,n
보람,n
보름01,n
보리01,n
보상02,n
보수06,n
보수11,n
보수적,n
보안01,n
보자기02,n
보장01,n
보전03,n
보조02,n
보존,n
보통,n
보편적,n
보험,n
보호01,n
복13,n
복도04,n
복사09,n
복사기,n
복숭아,n
복습,n
볶음,n
볶음밥,n
본격적,n
본래,n
본부03,n
본사03,n
본성02,n
본인,n
본질02,n
볼01,n
볼링,n
볼일,n
볼펜02,n
봄01,n
봉사03,n
봉지06,n
봉투02,n
부15,n
부17,n
부근03,n
부끄러움,n
부담01,n
부대08,n
부동산,n
부모01,n
부모님,n
부문06,n
부부03,n
부분01,n
부분적,n
부상05,n
부서12,n
부엌,n
부위04,n
부인01,n
부인04,n
부자08,n
부작용,n
부잣집,n
부장07,n
부재03,n
부정02,n
부정적,n
부족01,n
부족05,n
부채01,n
부처04,n
부친,n
부탁,n
부품,n
부피,n
부회장,n
북07,n
북부01,n
북쪽,n
분노,n
분량,n
분리04,n
분석02,n
분야,n
분위기,n
분필03,n
분홍색,n
불01,n
불고기,n
불교,n
불꽃01,n
불만,n
불법01,n
불법02,n
불빛,n
불안01,n
불이익,n
불편01,n
불평01,n
불행,n
브랜드,n
블라우스,n
비01,n
비19,n
비교01,n
비극,n
비난,n
비누,n
비닐,n
비닐봉지,n
비둘기,n
비디오,n
비만01,n
비명02,n
비밀,n
비바람,n
비빔밥,n
비상01,n
비서05,n
비용03,n
비율02,n
비중01,n
비타민,n
비판01,n
비판적,n
비행02,n
비행03,n
비행기,n
비행장,n
빌딩,n
빗01,n
빗물,n
빗방울,n
빗줄기,n
빚,n
빛,n
빛깔,n
빨간색,n
빨래,n
빵01,n
뺨,n
뼈,n
뿌리,n
사건01,n
사계절,n
사고12,n
사고14,n
사과05,n
사과08,n
사기01,n
사나이,n
사냥,n
사람,n
사랑01,n
사례05,n
사립04,n
사망04,n
사모님,n
사무05,n
사무소,n
사무실,n
사무직,n
사물10,n
사방03,n
사상01,n
사생활,n
사설04,n
사슴01,n
사실04,n
사업04,n
사업가,n
사업자,n
사용04,n
사용자,n
사원04,n
사월02,n
사위01,n
사이01,n
사이사이,n
사자11,n
사장15,n
사전13,n
사전22,n
사정07,n
사진07,n
사진기02,n
사촌,n
사춘기,n
사탕02,n
사투리,n
사표07,n
사회07,n
사회생활,n
사회자,n
사회적,n
사회주의,n
사회학,n
사흘,n
산01,n
산길02,n
산부인과,n
산소03,n
산속,n
산업,n
산책,n
살01,n
살림01,n
살인,n
삶,n
삼계탕,n
삼국,n
삼월,n
삼촌,n
상02,n
상04,n
상23,n
상25,n
상관03,n
상금04,n
상담01,n
상당04,n
상당수,n
상대04,n
상대방02,n
상대성,n
상대적,n
상대편,n
상류,n
상반기,n
상상07,n
상상력01,n
상식06,n
상업02,n
상인07,n
상자10,n
상점,n
상징적,n
상처02,n
상추01,n
상태01,n
상표02,n
상품03,n
상황02,n
새01,n
새03,n
새끼02,n
새벽01,n
새소리,n
새우02,n
새해,n
색03,n
색깔,n
색연필,n
샌드위치,n
생02,n
생각01,n
생기01,n
생명,n
생물01,n
생방송,n
생산,n
생산력,n
생산자,n
생선,n
생신02,n
생일02,n
생활,n
생활비,n
생활수준,n
생활용품,n
생활환경,n
샤워,n
서구02,n
서랍,n
서로01,n
서류02,n
서명03,n
서민,n
서부01,n
서비스,n
서양,n
서양인,n
서적02,n
서점03,n
서쪽,n
서클,n
석사01,n
석유01,n
선14,n
선거04,n
선물03,n
선배,n
선생01,n
선생님,n
선수05,n
선원06,n
선장06,n
선전03,n
선진03,n
선진국,n
선택,n
선풍기,n
설거지,n
설날,n
설렁탕,n
설명,n
설문01,n
설치02,n
설탕,n
섬03,n
섭씨,n
성06,n
성07,n
성08,n
성격02,n
성경03,n
성공01,n
성공적,n
성당03,n
성명10,n
성별01,n
성인01,n
성장01,n
성적01,n
성적04,n
성질,n
성함,n
세계02,n
세계관,n
세계적,n
세금01,n
세기03,n
세대02,n
세로01,n
세미나,n
세상01,n
세수04,n
세월02,n
세제04,n
세탁,n
세탁기,n
세탁소,n
세트,n
센터02,n
소03,n
소개02,n
소규모,n
소극적,n
소금01,n
소나기01,n
소나무,n
소녀02,n
소년01,n
소득,n
소리01,n
소망03,n
소매01,n
소문02,n
소비05,n
소비자,n
소설03,n
소설가,n
소속01,n
소수08,n
소스01,n
소시지,n
소식04,n
소아과,n
소용07,n
소원04,n
소유03,n
소유자,n
소음06,n
소재05,n
소주05,n
소지품,n
소질03,n
소파06,n
소포01,n
소풍02,n
소프트웨어,n
소형03,n
소화06,n
속01,n
속담,n
속도01,n
속마음,n
속옷,n
손01,n
손가락,n
손길,n
손녀,n
손님,n
손등01,n
손목,n
손바닥,n
손발,n
손뼉,n
손수건,n
손실,n
손자01,n
손잡이,n
손질,n
손톱01,n
손해,n
솜,n
솜씨,n
송아지,n
송이01,n
송편,n
쇠01,n
쇠고기,n
쇼02,n
쇼핑,n
수02,n
수26,n
수건,n
수고01,n
수년02,n
수단01,n
수도09,n
수도권,n
수도꼭지,n
수돗물,n
수동적02,n
수면07,n
수명05,n
수박01,n
수상09,n
수석02,n
수술05,n
수업03,n
수업04,n
수염04,n
수영02,n
수영장,n
수요06,n
수요일,n
수입01,n
수입02,n
수입품02,n
수저01,n
수준,n
수집02,n
수출03,n
수컷,n
수표01,n
수필04,n
수학03,n
수학05,n
수험생,n
수화기,n
숙녀,n
숙소02,n
숙제03,n
순간03,n
순간적,n
순서,n
순수03,n
순식간,n
순위,n
숟가락,n
술01,n
술병02,n
술자리,n
술잔,n
술집,n
숨01,n
숫자,n
숲01,n
슈퍼마켓,n
스님,n
스스로,n
스승01,n
스웨터,n
스위치,n
스케이트,n
스케줄,n
스키,n
스키장,n
스타,n
스타일,n
스튜디오,n
스트레스,n
스포츠,n
슬픔,n
습관,n
습기02,n
승객,n
승리,n
승부03,n
승용차,n
승진03,n
시06,n
시13,n
시각03,n
시각04,n
시간04,n
시계01,n
시골,n
시금치,n
시기04,n
시기05,n
시나리오,n
시내03,n
시내버스,n
시대02,n
시대적,n
시댁,n
시도07,n
시디01,n
시디롬,n
시리즈,n
시멘트,n
시민,n
시부모,n
시선03,n
시설03,n
시스템,n
시아버지,n
시야03,n
시어머니,n
시외01,n
시외버스,n
시월01,n
시위04,n
시인10,n
시일04,n
시작01,n
시장03,n
시장04,n
시절01,n
시점02,n
시중03,n
시즌,n
시집01,n
시집03,n
시청01,n
시청률,n
시청자,n
시합01,n
시험03,n
식구01,n
식기01,n
식당,n
식량03,n
식료품,n
식물02,n
식빵,n
식사03,n
식생활,n
식욕,n
식용유,n
식초,n
식탁,n
식품01,n
식품점,n
신02,n
신09,n
신경04,n
신고01,n
신규,n
신념01,n
신랑02,n
신문10,n
신문사,n
신문지,n
신발,n
신부04,n
신부10,n
신분02,n
신비02,n
신사16,n
신설03,n
신세02,n
신세대,n
신용01,n
신인07,n
신입생,n
신제품,n
신청01,n
신청서,n
신체02,n
신체적,n
신호01,n
신호등,n
신혼부부,n
신혼여행,n
신화04,n
실01,n
실감,n
실내,n
실력02,n
실례01,n
실망02,n
실수01,n
실습,n
실시03,n
실장,n
실정04,n
실제02,n
실질적,n
실천01,n
실체02,n
실태02,n
실패02,n
실험,n
실현,n
심리01,n
심리적,n
심부름,n
심사08,n
심장02,n
심정01,n
심판02,n
십이월,n
십일월,n
싸구려,n
싸움,n
싼값,n
쌀,n
쌍02,n
쌍둥이,n
쓰레기,n
쓰레기통,n
쓴맛,n
씨01,n
씨름,n
씨앗,n
아가씨,n
아기01,n
아까,n
아나운서,n
아내01,n
아드님,n
아들,n
아래01,n
아래쪽,n
아래층,n
아랫사람,n
아르바이트,n
아무것,n
아버님,n
아버지,n
아빠,n
아쉬움,n
아스팔트,n
아이01,n
아이디어,n
아이스크림,n
아저씨,n
아주머니,n
아줌마,n
아침,n
아파트,n
아픔,n
악기05,n
악몽,n
악수06,n
안01,n
안04,n
안개,n
안경03,n
안과02,n
안내01,n
안방02,n
안부01,n
안전03,n
안정01,n
안주04,n
안쪽,n
안팎,n
알01,n
알루미늄,n
알코올,n
암08,n
암시01,n
암컷,n
압력,n
앞,n
앞길01,n
앞날,n
앞뒤,n
앞문,n
앞바다,n
앞쪽,n
애01,n
애02,n
애인02,n
애정02,n
애초01,n
액세서리,n
액수03,n
앨범,n
야간,n
야구02,n
야구장,n
야단01,n
야외,n
야채,n
약01,n
약07,n
약간,n
약국02,n
약속,n
약수04,n
약점01,n
약품,n
약혼녀,n
약혼자01,n
양05,n
양20,n
양국01,n
양념,n
양력02,n
양말01,n
양배추,n
양보03,n
양복01,n
양상추,n
양식03,n
양식04,n
양심02,n
양옆,n
양주04,n
양쪽,n
양파,n
얘기,n
어깨01,n
어둠,n
어려움,n
어른01,n
어린아이,n
어린애,n
어린이01,n
어린이날,n
어머니01,n
어머님,n
어저께,n
어제01,n
어젯밤,n
언니,n
언덕,n
언론,n
언어01,n
얼굴01,n
얼마,n
얼마간,n
얼음01,n
엄마,n
업무02,n
업종01,n
업체,n
엉덩이,n
엉망,n
엉터리,n
에너지,n
에어컨,n
엔진,n
엘리베이터,n
여07,n
여가03,n
여건01,n
여고생,n
여관03,n
여군02,n
여권02,n
여기저기,n
여대생,n
여동생,n
여럿,n
여론02,n
여름01,n
여름철,n
여성01,n
여왕,n
여우01,n
여유,n
여인01,n
여자02,n
여직원,n
여학생,n
여행02,n
여행사,n
역06,n
역14,n
역사04,n
역사가,n
역사상02,n
역사적,n
역사학,n
역할,n
연간02,n
연결01,n
연관06,n
연구03,n
연구소,n
연구실,n
연구원01,n
연구자,n
연극,n
연기05,n
연기09,n
연기10,n
연기자,n
연두색,n
연락02,n
연락처,n
연령01,n
연말02,n
연설02,n
연세02,n
연속02,n
연습03,n
연애05,n
연예인,n
연인06,n
연장05,n
연주06,n
연출02,n
연필,n
연합03,n
연휴02,n
열07,n
열기07,n
열매01,n
열쇠,n
열정02,n
열차02,n
열흘,n
염려01,n
엽서02,n
영남,n
영상01,n
영상03,n
영양05,n
영어02,n
영업,n
영역03,n
영웅,n
영하,n
영향04,n
영향력,n
영혼02,n
영화01,n
영화관01,n
영화배우,n
영화제,n
옆,n
옆구리,n
옆방,n
옆집,n
예01,n
예08,n
예감03,n
예금01,n
예방02,n
예보,n
예비02,n
예산02,n
예상02,n
예선02,n
예술,n
예술가,n
예술적,n
예습,n
예식장,n
예약,n
예외,n
예의06,n
예전01,n
예절,n
예정02,n
옛날,n
옛날이야기,n
오늘,n
오늘날,n
오락01,n
오래간만,n
오래전,n
오랜만,n
오랫동안,n
오렌지,n
오른발,n
오른손,n
오른쪽,n
오리03,n
오븐,n
오빠,n
오염,n
오월01,n
오이01,n
오전02,n
오징어,n
오페라,n
오피스텔,n
오해02,n
오후02,n
옥상03,n
옥수수,n
온도,n
온돌,n
온라인,n
온몸,n
온종일,n
올02,n
올가을,n
올림픽,n
올여름,n
올해,n
옷01,n
옷차림,n
와이셔츠,n
와인,n
완성01,n
완전01,n
왕04,n
왕비,n
왕자01,n
외갓집,n
외과01,n
외교01,n
외교관,n
외국02,n
외국어,n
외국인,n
외로움,n
외모02,n
외부02,n
외삼촌,n
외아들,n
외제05,n
외출,n
외침01,n
외할머니,n
외할아버지,n
왼발,n
왼손,n
왼쪽,n
요구03,n
요금01,n
요리05,n
요리사,n
요새01,n
요일,n
요즈음,n
요즘,n
요청,n
욕02,n
욕실,n
욕심,n
용09,n
용기02,n
용기03,n
용도02,n
용돈,n
용서01,n
용어02,n
우려01,n
우리나라,n
우리말,n
우산01,n
우승05,n
우유02,n
우정02,n
우주02,n
우체국,n
우편04,n
우표,n
운06,n
운동02,n
운동복,n
운동장,n
운동화,n
운명01,n
운반02,n
운전02,n
운전기사,n
운전사,n
운전자,n
운행02,n
울음,n
울음소리,n
움직임,n
웃어른,n
웃음,n
웃음소리,n
원12,n
원고03,n
원래01,n
원서05,n
원숭이,n
원인02,n
원장07,n
원피스,n
월급,n
월드컵,n
월세,n
월요일,n
웨이터,n
웬일,n
위01,n
위06,n
위기01,n
위로02,n
위반03,n
위법01,n
위성06,n
위아래,n
위원01,n
위원장,n
위주,n
위쪽,n
위층,n
위치01,n
위험,n
위험성,n
위협,n
윗몸,n
윗사람,n
유교02,n
유리10,n
유리창01,n
유머,n
유명01,n
유물04,n
유산07,n
유월01,n
유적08,n
유적지,n
유치원,n
유학04,n
유학06,n
유학생01,n
유행02,n
유형07,n
육군02,n
육상02,n
육체03,n
육체적,n
은04,n
은행02,n
은행나무,n
음력02,n
음료,n
음료수,n
음반,n
음성02,n
음식,n
음식물02,n
음식점,n
음악01,n
음악가,n
음주,n
의견01,n
의논,n
의도02,n
의도적,n
의류,n
의무01,n
의문02,n
의미02,n
의복01,n
의사02,n
의사12,n
의식03,n
의식04,n
의심03,n
의욕,n
의원05,n
의자03,n
의지06,n
의학02,n
이03,n
이것저것,n
이곳저곳,n
이날,n
이내05,n
이념,n
이다음,n
이달01,n
이데올로기,n
이동03,n
이때,n
이력서,n
이론적,n
이름,n
이마01,n
이모02,n
이미지,n
이민03,n
이발소,n
이번01,n
이별,n
이불01,n
이빨,n
이사14,n
이사장,n
이상05,n
이상09,n
이상12,n
이상적01,n
이성08,n
이성10,n
이슬,n
이야기,n
이외01,n
이용01,n
이용자,n
이웃,n
이웃집,n
이월01,n
이유04,n
이익02,n
이자05,n
이전03,n
이제01,n
이중03,n
이튿날,n
이틀01,n
이하02,n
이해03,n
이해06,n
이해관계,n
이혼03,n
이후02,n
인02,n
인간01,n
인간관계,n
인간성,n
인간적,n
인격,n
인공01,n
인구01,n
인근,n
인기01,n
인도02,n
인류01,n
인물,n
인사01,n
인사02,n
인사03,n
인사말,n
인삼,n
인삼차,n
인상01,n
인상03,n
인상06,n
인상적,n
인생01,n
인쇄,n
인연03,n
인원,n
인재02,n
인제01,n
인종01,n
인체,n
인터넷,n
인터뷰,n
인하01,n
인형01,n
일01,n
일기11,n
일기12,n
일등,n
일반02,n
일반인,n
일반적,n
일본어,n
일부02,n
일상04,n
일상생활,n
일상적,n
일생01,n
일손,n
일시적,n
일식04,n
일쑤,n
일요일,n
일월01,n
일자05,n
일자리,n
일정03,n
일종03,n
일주일,n
일체01,n
일치01,n
일행01,n
일회용,n
일회용품,n
임금01,n
임금03,n
임무01,n
임시02,n
임신02,n
임신부,n
입,n
입구02,n
입국02,n
입대01,n
입력,n
입맛,n
입사04,n
입술,n
입시04,n
입원01,n
입장04,n
입학,n
잎01,n
자01,n
자14,n
자가용,n
자격04,n
자격증,n
자극01,n
자기04,n
자녀01,n
자동01,n
자동차,n
자랑01,n
자료03,n
자리01,n
자리02,n
자매03,n
자부심,n
자살01,n
자세02,n
자식01,n
자신01,n
자신02,n
자신감,n
자연01,n
자연적,n
자연현상,n
자연환경,n
자원04,n
자유03,n
자율,n
자장면,n
자전거,n
자정01,n
자존심,n
자체02,n
자취01,n
자판01,n
자판기,n
작가01,n
작년,n
작성01,n
작업01,n
작용01,n
작은딸,n
작은아들,n
작은아버지,n
작은어머니,n
작품01,n
잔03,n
잔디,n
잔디밭,n
잔치01,n
잘못,n
잠01,n
잠깐,n
잠바,n
잠수함02,n
잠시,n
잠옷,n
잠자리01,n
잠자리02,n
잡지,n
장25,n
장가01,n
장갑01,n
장관02,n
장군04,n
장기간,n
장기적,n
장난,n
장난감,n
장남03,n
장래,n
장례02,n
장례식,n
장르,n
장마01,n
장면04,n
장모01,n
장모님,n
장미05,n
장비07,n
장사01,n
장사꾼,n
장소05,n
장수01,n
장식05,n
장애인,n
장인02,n
장점02,n
장학금,n
재능,n
재료01,n
재미01,n
재산,n
재생01,n
재수03,n
재작년,n
재정05,n
재주01,n
재즈,n
재채기,n
재판06,n
재학02,n
재활용,n
재활용품,n
저고리01,n
저녁,n
저녁때,n
저번02,n
저울01,n
저자05,n
저축03,n
적13,n
적극,n
적극적,n
적성05,n
적용,n
적응02,n
전08,n
전개02,n
전공05,n
전구10,n
전국03,n
전국적,n
전기09,n
전기12,n
전기15,n
전기밥솥,n
전날,n
전달03,n
전망03,n
전문08,n
전문가,n
전문적,n
전문점,n
전문직,n
전반03,n
전반적,n
전부05,n
전선10,n
전설04,n
전세07,n
전시04,n
전시장,n
전시회,n
전용04,n
전자06,n
전쟁,n
전철04,n
전체01,n
전체적,n
전통06,n
전통문화,n
전통적,n
전화07,n
전화기,n
전화번호,n
전환03,n
전후01,n
절01,n
절02,n
절08,n
절대05,n
절대적,n
절망02,n
절반,n
절약,n
절차02,n
젊은이,n
젊음,n
점10,n
점검,n
점수06,n
점심,n
점심때,n
점심시간,n
점원01,n
접근,n
접시,n
접촉,n
젓가락,n
정20,n
정거장,n
정기07,n
정기적,n
정답,n
정당07,n
정도11,n
정류장,n
정리09,n
정말01,n
정면01,n
정문03,n
정반대,n
정보06,n
정보화,n
정부08,n
정비05,n
정상02,n
정상11,n
정상적,n
정성11,n
정식01,n
정신12,n
정신과,n
정신적,n
정오01,n
정원06,n
정장04,n
정지06,n
정치03,n
정치권,n
정치인,n
정치적,n
정치학,n
젖,n
제공04,n
제과점,n
제도적,n
제목02,n
제비02,n
제사07,n
제삿날,n
제시02,n
제안02,n
제약01,n
제의04,n
제일04,n
제자01,n
제자리,n
제작02,n
제출02,n
제품02,n
제한01,n
조15,n
조각01,n
조각05,n
조개01,n
조건02,n
조금01,n
조기05,n
조깅,n
조명06,n
조미료,n
조사30,n
조상07,n
조절02,n
조정09,n
조직,n
조카,n
존댓말,n
존재,n
졸업,n
졸업생,n
졸음01,n
종09,n
종13,n
종교,n
종교적,n
종류02,n
종소리,n
종업원,n
종이01,n
종이컵,n
종일01,n
종합,n
좌석,n
좌우01,n
죄03,n
죄인,n
주26,n
주거02,n
주관적,n
주름01,n
주름살,n
주말02,n
주머니,n
주먹,n
주문03,n
주문04,n
주민,n
주방05,n
주변04,n
주부03,n
주사13,n
주소01,n
주스,n
주식03,n
주요01,n
주위02,n
주의07,n
주인01,n
주인공,n
주장03,n
주전자,n
주제04,n
주차04,n
주차장,n
주택,n
주한02,n
죽07,n
죽음01,n
준비,n
준비물,n
줄01,n
줄거리01,n
줄기01,n
줄무늬,n
중간01,n
중계방송,n
중국어,n
중국집,n
중년01,n
중단04,n
중독01,n
중반03,n
중부03,n
중세02,n
중소기업,n
중순,n
중식80,n
중심01,n
중심지,n
중앙01,n
중요02,n
중요성,n
중학교,n
중학생,n
쥐02,n
즉석,n
즉시,n
즐거움,n
증가01,n
증거,n
증권01,n
증권사,n
증상01,n
증세01,n
지각04,n
지갑03,n
지구03,n
지구04,n
지금03,n
지급01,n
지난날,n
지난달,n
지난번,n
지난주,n
지난해,n
지능,n
지대07,n
지도03,n
지도09,n
지도자,n
지름길,n
지방05,n
지방09,n
지붕,n
지속적,n
지시02,n
지식02,n
지식인,n
지역03,n
지우개,n
지원02,n
지위04,n
지적01,n
지적05,n
지점01,n
지점03,n
지지06,n
지진02,n
지출01,n
지폐,n
지하,n
지하도,n
지하철,n
지혜02,n
직선01,n
직업,n
직원03,n
직장05,n
직장인,n
직전02,n
직접,n
직접적,n
직후,n
진급,n
진단02,n
진달래,n
진동03,n
진로02,n
진료,n
진리,n
진실02,n
진심01,n
진짜,n
진찰02,n
진출02,n
진통01,n
진행02,n
진행자,n
질08,n
질문,n
질병02,n
질서03,n
질적,n
짐01,n
짐작,n
집01,n
집단,n
집단적,n
집안01,n
집안일,n
집중02,n
집중적,n
짓01,n
짜증,n
짝01,n
쪽02,n
찌개01,n
찌꺼기,n
차06,n
차08,n
차09,n
차남02,n
차량01,n
차례01,n
차림,n
차별,n
차선03,n
차이,n
차이점,n
차창,n
착각03,n
찬물01,n
찬성01,n
참가01,n
참기름,n
참새01,n
참석,n
참석자,n
참여,n
참외01,n
참조02,n
찻잔,n
창09,n
창가01,n
창고01,n
창구01,n
창문,n
창밖,n
창작,n
창조03,n
창조적,n
채널,n
채소,n
채점,n
책01,n
책가방,n
책방01,n
책상01,n
책임,n
책임감,n
책임자,n
챔피언,n
처녀,n
처리02,n
처벌,n
처음,n
처지,n
천01,n
천국01,n
천둥,n
천장02,n
천재03,n
철01,n
철02,n
철06,n
철도,n
철학,n
철학자,n
철학적,n
첫날,n
청년,n
청바지,n
청소06,n
청소기80,n
청소년,n
청춘01,n
체계적,n
체력,n
체온,n
체육,n
체육관,n
체조02,n
체중01,n
체험,n
초기04,n
초대04,n
초대06,n
초등학교,n
초등학생,n
초록색,n
초반01,n
초밥,n
초보01,n
초보자,n
초상화,n
초순01,n
초여름,n
초원04,n
초저녁,n
초점03,n
초청01,n
초청장,n
초콜릿,n
촛불,n
총03,n
총각01,n
총리01,n
총장01,n
촬영,n
최고02,n
최고급,n
최근,n
최대,n
최대한,n
최상02,n
최선02,n
최소01,n
최소한,n
최신,n
최악,n
최저01,n
최종,n
최초,n
최후,n
추가02,n
추석01,n
추억,n
추위01,n
추진02,n
추천03,n
추측,n
축구04,n
축구공,n
축구장,n
축소02,n
축제01,n
축하,n
출구01,n
출국,n
출근,n
출발,n
출발점,n
출산02,n
출신,n
출연02,n
출입,n
출입국,n
출입문,n
출장01,n
출퇴근,n
출판02,n
출판사,n
춤01,n
충격02,n
충격적,n
충고,n
충돌,n
취미04,n
취소01,n
취업,n
취재02,n
취직,n
취향01,n
층02,n
치과,n
치료,n
치료법,n
치마01,n
치아02,n
치약,n
치즈,n
친구02,n
친절,n
친정04,n
친척,n
칠월,n
칠판,n
침01,n
침대02,n
침묵,n
침실,n
칫솔,n
칭찬,n
카드,n
카레,n
카메라,n
카운터01,n
카페,n
칸01,n
칼01,n
칼국수,n
캐릭터,n
캠퍼스,n
캠페인,n
커튼,n
커피,n
컨디션,n
컬러01,n
컴퓨터,n
컵,n
케첩,n
코01,n
코끝,n
코끼리,n
코너,n
코드02,n
코미디,n
코스,n
코스모스01,n
코치,n
코트03,n
코피01,n
콘서트,n
콜라,n
콤플렉스,n
콩01,n
콩나물,n
쾌감,n
쿠데타,n
크기,n
크리스마스,n
크림,n
큰길,n
큰딸,n
큰소리01,n
큰아들,n
큰아버지,n
큰어머니,n
큰일01,n
큰절01,n
클래식,n
클럽,n
키01,n
키스,n
타락02,n
타입02,n
타자기,n
탁구,n
탁자01,n
탄생,n
탑02,n
탓,n
태권도,n
태도03,n
태아02,n
태양02,n
태풍,n
택시,n
탤런트,n
터01,n
터널,n
터미널,n
턱01,n
털,n
테니스,n
테러,n
테스트,n
테이블,n
테이프,n
텍스트,n
텔레비전,n
토끼,n
토대,n
토론01,n
토론자,n
토론회,n
토마토,n
토요일,n
통10,n
통계04,n
통과,n
통로,n
통신01,n
통역,n
통일02,n
통장02,n
통제02,n
통증,n
통합,n
통화03,n
통화04,n
퇴근,n
퇴원01,n
퇴직금,n
투자02,n
투표01,n
튀김01,n
트럭,n
특급02,n
특별,n
특성01,n
특수02,n
특수성,n
특징,n
틀01,n
틈01,n
티브이,n
티셔츠,n
팀01,n
파01,n
파도,n
파란색,n
파리01,n
파일03,n
파출소,n
파티,n
판01,n
판08,n
판10,n
판결,n
판단,n
판매,n
판사01,n
팔01,n
팔월,n
팝송,n
패션01,n
팩03,n
팩스,n
팩시밀리,n
팬01,n
팬03,n
팬티,n
페인트02,n
편견,n
편의02,n
편의점,n
편지02,n
평03,n
평가03,n
평균,n
평상시,n
평생,n
평소,n
평일,n
평화02,n
폐지02,n
포도06,n
포도주,n
포스터01,n
포인트,n
포장01,n
포장마차,n
포크01,n
포함02,n
폭06,n
폭력,n
표02,n
표04,n
표면,n
표시01,n
표시02,n
표정03,n
표준01,n
표현,n
풀01,n
풀02,n
품01,n
품목01,n
품질03,n
풍경01,n
풍속01,n
풍습01,n
프로03,n
프로04,n
프로그램,n
프린터,n
플라스틱,n
피02,n
피곤,n
피디,n
피로02,n
피망,n
피부02,n
피시03,n
피아노01,n
피자,n
피해01,n
피해자,n
필름,n
필수02,n
필수적,n
필연적,n
필요,n
필요성,n
필자02,n
필통,n
핑계,n
하04,n
하나,n
하나님,n
하나하나,n
하느님,n
하늘01,n
하드웨어,n
하루01,n
하룻밤,n
하반기,n
하숙집,n
하순01,n
하얀색,n
하천02,n
하품01,n
학과01,n
학교,n
학교생활,n
학급,n
학기02,n
학년,n
학력02,n
학번,n
학부모,n
학비,n
학생,n
학생증,n
학술,n
학습,n
학용품,n
학원02,n
학위,n
학자01,n
학점,n
한05,n
한06,n
한가운데,n
한겨울,n
한계,n
한구석,n
한국말,n
한국어,n
한국적,n
한글01,n
한글날,n
한낮,n
한눈01,n
한동안,n
한때,n
한마디,n
한문03,n
한밤중,n
한번,n
한복,n
한순간,n
한숨02,n
한식04,n
한여름,n
한자02,n
한잔,n
한쪽,n
한참,n
한편,n
한평생01,n
할머니,n
할아버지,n
할인01,n
합격,n
합리적,n
항공,n
항공기,n
항구03,n
항의01,n
해01,n
해11,n
해결02,n
해군01,n
해답,n
해당05,n
해물,n
해석03,n
해석04,n
해설03,n
해소03,n
해수욕장,n
해안02,n
해외,n
해외여행,n
핵,n
핵심,n
핸드백,n
핸드폰,n
햄04,n
햄버거,n
햇볕,n
햇빛,n
햇살,n
행동,n
행복02,n
행사01,n
행사02,n
행운02,n
행위,n
향03,n
향기01,n
향상01,n
향수04,n
허가01,n
허락,n
허리01,n
허용,n
헬기,n
혀01,n
현관01,n
현관문,n
현금04,n
현대01,n
현대인,n
현대적,n
현상04,n
현실02,n
현실적,n
현장03,n
현재02,n
현지03,n
혈액,n
협력,n
형01,n
형05,n
형님,n
형부01,n
형사02,n
형성01,n
형수01,n
형식01,n
형식적,n
형제01,n
형태,n
형편01,n
혜택,n
호기심,n
호남02,n
호랑이,n
호박01,n
호수07,n
호실01,n
호주머니,n
호텔,n
호흡,n
혼자01,n
혼잣말,n
홈페이지,n
홍보01,n
홍수02,n
홍차,n
화06,n
화가03,n
화면05,n
화분01,n
화살01,n
화요일,n
화장02,n
화장실,n
화장지01,n
화장품,n
화재01,n
화제07,n
화학01,n
확보01,n
확신01,n
확인02,n
확장,n
확정02,n
환갑02,n
환경02,n
환경오염,n
환영02,n
환율,n
환자03,n
활기02,n
활동02,n
활용,n
회견,n
회관,n
회복,n
회사04,n
회색01,n
회원,n
회의04,n
회의05,n
회장07,n
회전04,n
회화05,n
횟수,n
횡단보도,n
효과01,n
효과적,n
효도01,n
효율적,n
효자01,n
후08,n
후기03,n
후반01,n
후배06,n
후보04,n
후춧가루,n
후회01,n
훈련,n
휴가01,n
휴식02,n
휴일,n
휴지02,n
휴지통,n
흉내,n
흐름,n
흑백,n
흑인,n
흔적,n
흙01,n
흥미,n
흥분,n
희곡,n
희망,n
희생,n
흰색,n
힘01,n
가다01,auxV
가지다,auxV
갖다01,auxV
계시다,auxV
나가다,auxV
나다01,auxV
내다02,auxV
놓다01,auxV
달다05,auxV
두다01,auxV
드리다01,auxV
들다01,auxV
듯싶다,auxV
듯하다,auxV
만하다,auxV
말다03,auxV
먹다02,auxV
못하다,auxV
버리다01,auxV
보다01,auxV
뻔하다01,auxV
싶다,auxV
싶어지다,auxV
아니하다,auxV
않다,auxV
오다01,auxV
있다01,auxV
주다01,auxV
죽다01,auxV
척하다01,auxV
체하다01,auxV
치우다01,auxV
하다01,auxV
가까이,adv
가끔,adv
가득01,adv
가득히,adv
가령05,adv
가만,adv
가만히,adv
가장01,adv
각각01,adv
각기02,adv
각자02,adv
간단히,adv
간신히,adv
간혹,adv
갈수록,adv
감히,adv
갑자기,adv
강력히,adv
같이,adv
거꾸로,adv
거듭,adv
거의01,adv
게다가,adv
겨우,adv
결코,adv
계속04,adv
고작02,adv
곧01,adv
곧바로,adv
곧이어,adv
곧잘,adv
곧장,adv
골고루,adv
공연히02,adv
과연01,adv
관계없이,adv
괜히,adv
굉장히,adv
굳이,adv
그나마,adv
그냥,adv
그다지,adv
그대로,adv
그때그때,adv
그래서,adv
그러나,adv
그러니까,adv
그러면,adv
그러므로,adv
그런대로,adv
그런데,adv
그럼01,adv
그렇지만,adv
그리02,adv
그리고,adv
그리로,adv
그리하여,adv
그만02,adv
그만큼,adv
그야말로,adv
그저,adv
그제서야,adv
그제야,adv
그토록,adv
극히,adv
근데01,adv
금방01,adv
금세01,adv
급격히,adv
급속히,adv
급히,adv
깊숙이,adv
깊이02,adv
깜빡,adv
깜짝02,adv
깨끗이,adv
꼭02,adv
꼭03,adv
꼼짝,adv
꽉,adv
꽤01,adv
꾸준히,adv
끊임없이,adv
끝내,adv
끝없이,adv
나란히,adv
내내01,adv
내일,adv
내지01,adv
너무01,adv
너무나,adv
널리,adv
높이02,adv
늘,adv
다03,adv
다만01,adv
다소01,adv
다시01,adv
다행히,adv
단순히,adv
단지04,adv
달리01,adv
당분간,adv
당연히01,adv
대강02,adv
대개03,adv
대단히,adv
대략,adv
대체02,adv
대체로,adv
대충01,adv
더01,adv
더구나01,adv
더더욱,adv
더욱,adv
더욱더,adv
더욱이,adv
덜01,adv
도대체,adv
도로01,adv
도리어,adv
도저히,adv
되게,adv
드디어,adv
따라서,adv
따로,adv
따로따로01,adv
딱02,adv
딱03,adv
때때로,adv
때로,adv
또,adv
또는,adv
또다시,adv
또한,adv
똑같이,adv
똑바로,adv
뜻대로,adv
뜻밖에,adv
마구01,adv
마음껏,adv
마음대로,adv
마주01,adv
마치03,adv
마침02,adv
마침내,adv
막01,adv
막02,adv
막상01,adv
많이,adv
말없이,adv
맘대로,adv
매년,adv
매달,adv
매번,adv
매우01,adv
매일,adv
매주01,adv
먼저,adv
멀리01,adv
멍멍01,adv
모두01,adv
모조리01,adv
모처럼,adv
몰래01,adv
몹시,adv
못04,adv
무려02,adv
무조건,adv
무척01,adv
문득01,adv
물론01,adv
미리01,adv
미처,adv
및,adv
바로02,adv
바싹01,adv
반드시,adv
방금01,adv
벌떡,adv
벌써,adv
별로01,adv
보다02,adv
보통,adv
부지런히,adv
분명01,adv
분명히,adv
불과01,adv
비교적,adv
비로소,adv
빨리,adv
사실04,adv
사실상,adv
살짝01,adv
상관없이,adv
상당히,adv
새로,adv
새로이,adv
서로01,adv
서서히,adv
설사02,adv
소위06,adv
소중히,adv
소홀히,adv
손수01,adv
솔직히,adv
수시로,adv
수없이,adv
스스로,adv
슬그머니,adv
슬쩍,adv
실로01,adv
실은,adv
실제02,adv
실제로,adv
실컷,adv
싹02,adv
썩01,adv
쓸데없이,adv
아까,adv
아니01,adv
아마01,adv
아마도,adv
아무래도,adv
아무리,adv
아무튼,adv
아예,adv
아울러,adv
아주01,adv
아직01,adv
안02,adv
안녕히,adv
앞서,adv
야옹01,adv
약간,adv
어느덧,adv
어느새,adv
어서01,adv
어제01,adv
어쨌든,adv
어쩌다02,adv
어쩌다가,adv
어쩌면,adv
어쩐지,adv
어쩜,adv
어찌,adv
어찌나,adv
언제01,adv
언제나,adv
언젠가,adv
얼른02,adv
얼마나,adv
얼핏,adv
없이,adv
엊그제,adv
여간,adv
여전히,adv
역시01,adv
열심히,adv
영03,adv
영원히,adv
예컨대,adv
오늘,adv
오래02,adv
오래도록,adv
오로지,adv
오직01,adv
오히려,adv
온통,adv
완전히,adv
왜02,adv
왜냐하면,adv
왠지,adv
우선02,adv
우연히,adv
워낙,adv
유난히,adv
으레01,adv
의외로,adv
이같이,adv
이내03,adv
이대로,adv
이따가,adv
이따금,adv
이리04,adv
이리저리02,adv
이미01,adv
이어01,adv
이어서,adv
이윽고,adv
이제01,adv
이제야,adv
인제01,adv
일단01,adv
일부러,adv
일일이02,adv
일찍,adv
일찍이,adv
자꾸01,adv
자꾸만,adv
자세히,adv
자연히,adv
자주01,adv
잔뜩,adv
잘02,adv
잘못,adv
잠깐,adv
잠시,adv
장차02,adv
재빨리,adv
저리01,adv
저마다,adv
저절로,adv
적당히,adv
적어도,adv
전부05,adv
전혀01,adv
절대05,adv
절대로,adv
점점01,adv
점차02,adv
정말01,adv
정말로,adv
정신없이,adv
정확히01,adv
제대로,adv
제발01,adv
제법01,adv
조금01,adv
조금씩,adv
조용히,adv
좀02,adv
종종04,adv
주로01,adv
죽03,adv
줄곧,adv
즉01,adv
지극히,adv
지금03,adv
지금껏,adv
직접,adv
진실로,adv
진짜,adv
쭉,adv
차라리,adv
차마,adv
차차01,adv
차츰,adv
참01,adv
참으로,adv
채10,adv
천천히,adv
철저히,adv
충분히,adv
탁01,adv
텅01,adv
특별히,adv
특히,adv
튼튼히,adv
틀림없이,adv
퍽02,adv
편히,adv
푹01,adv
하긴,adv
하나하나,adv
하도01,adv
하여튼,adv
하지만,adv
하필02,adv
하하01,adv
한결,adv
한꺼번에,adv
한데03,adv
한창01,adv
한층,adv
한편,adv
함께,adv
함부로,adv
항상,adv
해마다,adv
허허01,adv
현재02,adv
혹시01,adv
혹은,adv
홀로,adv
확02,adv
확실히,adv
활발히,adv
활짝,adv
훨씬,adv
흔히,adv
힘껏,adv
힘없이,adv
걔,notIden
그래03,notIden
그래도,notIden
그래서,notIden
그래야,notIden
그렇게,notIden
얘03,notIden
어때,notIden
어떡하다,notIden
어째서,notIden
이래서,notIden
이렇게,notIden
쟤,notIden
저렇게,notIden
구01,num
구십,num
넷01,num
넷째,num
다섯,num
다섯째,num
둘01,num
둘째,num
마흔,num
만06,num
몇,num
백05,num
사11,num
사십,num
삼06,num
삼십,num
서른,num
셋,num
셋째,num
쉰,num
스물,num
십,num
아홉,num
아흔,num
억04,num
여덟,num
여든,num
여섯,num
열03,num
예순,num
오04,num
오십,num
육02,num
육십,num
이09,num
이십,num
일05,num
일곱,num
일흔,num
천03,num
첫째,num
칠01,num
칠십,num
팔03,num
팔십,num
하나,num
한둘,num
가지04,boundN
간10,boundN
개10,boundN
개국01,boundN
개월,boundN
거01,boundN
거리02,boundN
건04,boundN
것01,boundN
교시03,boundN
군04,boundN
군데,boundN
권01,boundN
그램,boundN
그루01,boundN
김04,boundN
나름,boundN
내09,boundN
녀석,boundN
년02,boundN
년대,boundN
년도,boundN
년생80,boundN
놈01,boundN
달05,boundN
달러,boundN
대01,boundN
대06,boundN
대11,boundN
대15,boundN
대로01,boundN
데01,boundN
도05,boundN
동15,boundN
듯01,boundN
듯이01,boundN
등04,boundN
등05,boundN
등등01,boundN
때문,boundN
땜03,boundN
리02,boundN
리터01,boundN
마당,boundN
마련,boundN
마리01,boundN
만01,boundN
만02,boundN
만큼,boundN
말11,boundN
명03,boundN
모금01,boundN
모양02,boundN
무렵,boundN
미터02,boundN
밀리미터,boundN
바03,boundN
바람01,boundN
바퀴01,boundN
박10,boundN
번04,boundN
번째,boundN
벌02,boundN
법01,boundN
부15,boundN
분01,boundN
분08,boundN
뿐01,boundN
살04,boundN
석10,boundN
세07,boundN
세13,boundN
센티미터,boundN
셈01,boundN
수02,boundN
술06,boundN
시10,boundN
시간04,boundN
식04,boundN
씨07,boundN
양25,boundN
엔01,boundN
외04,boundN
원01,boundN
월02,boundN
위05,boundN
이04,boundN
이래03,boundN
인분80,boundN
일07,boundN
자18,boundN
장22,boundN
적03,boundN
점10,boundN
조13,boundN
조15,boundN
주26,boundN
주년02,boundN
주일03,boundN
줄04,boundN
중04,boundN
지02,boundN
지경02,boundN
쪽03,boundN
쪽05,boundN
차03,boundN
참03,boundN
채08,boundN
채09,boundN
척01,boundN
척08,boundN
초03,boundN
초07,boundN
킬로,boundN
킬로그램,boundN
킬로미터,boundN
터02,boundN
턱04,boundN
톤01,boundN
통12,boundN
판01,boundN
퍼센트,boundN
편04,boundN
편05,boundN
편09,boundN
평02,boundN
해01,boundN
호14,boundN
호선80,boundN
회08,boundN
가깝다,pred
가난하다,pred
가늘다,pred
가능하다,pred
가득하다01,pred
가볍다,pred
간단하다02,pred
간편하다,pred
감사하다05,pred
갑작스럽다,pred
값싸다,pred
강력하다,pred
강렬하다02,pred
강하다02,pred
같다,pred
거대하다,pred
거칠다,pred
걱정스럽다,pred
건강하다02,pred
건전하다,pred
건조하다02,pred
검다02,pred
게으르다,pred
고급스럽다,pred
고르다03,pred
고맙다01,pred
고소하다01,pred
고요하다,pred
고통스럽다,pred
고프다,pred
곤란하다,pred
곧다01,pred
곱다02,pred
괜찮다,pred
괴롭다,pred
굉장하다,pred
굳다,pred
굵다,pred
궁금하다01,pred
귀엽다,pred
귀중하다01,pred
귀찮다,pred
귀하다,pred
그러하다,pred
그럴듯하다,pred
그렇다,pred
그립다,pred
그만하다,pred
급하다,pred
기막히다,pred
기쁘다,pred
길다02,pred
깊다,pred
까맣다,pred
깔끔하다,pred
깨끗하다,pred
꼼꼼하다,pred
꾸준하다,pred
끊임없다,pred
끝없다,pred
나쁘다01,pred
날카롭다,pred
낡다01,pred
낫다02,pred
낮다,pred
낯설다,pred
넉넉하다,pred
넓다,pred
노랗다,pred
놀랍다,pred
높다,pred
눈부시다,pred
느리다01,pred
늦다,pred
다르다01,pred
다름없다,pred
다양하다01,pred
다정하다,pred
단단하다,pred
단순하다,pred
달다07,pred
답답하다,pred
당당하다,pred
당연하다01,pred
대단하다,pred
더럽다,pred
덥다01,pred
독특하다,pred
독하다,pred
동그랗다,pred
동일하다,pred
두껍다,pred
두드러지다,pred
두렵다01,pred
둥글다01,pred
뒤늦다,pred
드물다,pred
따뜻하다,pred
따스하다,pred
딱딱하다01,pred
떠들썩하다02,pred
똑같다,pred
똑똑하다,pred
뚱뚱하다,pred
뛰어나다,pred
뜨겁다,pred
마땅하다,pred
만만하다01,pred
만족스럽다,pred
만족하다,pred
많다,pred
맑다01,pred
맛없다,pred
맛있다,pred
맵다,pred
멀다02,pred
멋있다,pred
멋지다,pred
명확하다,pred
못되다,pred
못생기다,pred
못지않다,pred
못하다,pred
무겁다,pred
무관심하다,pred
무덥다,pred
무리하다,pred
무사하다04,pred
무섭다,pred
무의미하다,pred
무책임하다,pred
미끄럽다,pred
미안하다,pred
밀접하다,pred
밉다,pred
바람직하다,pred
바르다03,pred
바쁘다,pred
반갑다,pred
밝다,pred
밤늦다,pred
배고프다,pred
배부르다,pred
번거롭다,pred
별다르다,pred
복잡하다,pred
부끄럽다,pred
부드럽다,pred
부럽다,pred
부르다02,pred
부족하다,pred
부지런하다,pred
분명하다01,pred
분주하다05,pred
불가능하다,pred
불가피하다,pred
불과하다,pred
불리하다,pred
불쌍하다,pred
불안하다,pred
불완전하다,pred
불편하다01,pred
불평등하다,pred
불필요하다,pred
불행하다,pred
불확실하다,pred
붉다01,pred
비슷하다02,pred
비싸다,pred
빠르다,pred
빨갛다,pred
뻔하다02,pred
사랑스럽다,pred
사소하다01,pred
사이좋다,pred
상관없다,pred
상당하다02,pred
상쾌하다,pred
새롭다,pred
색다르다,pred
서늘하다,pred
서투르다,pred
서툴다,pred
선명하다02,pred
섭섭하다01,pred
성실하다02,pred
세다03,pred
세련되다,pred
섹시하다,pred
소박하다01,pred
소용없다,pred
소중하다,pred
속상하다02,pred
손쉽다,pred
솔직하다,pred
수많다,pred
순수하다02,pred
순진하다01,pred
순하다02,pred
쉽다,pred
슬프다,pred
시끄럽다,pred
시원하다,pred
신기하다01,pred
신기하다04,pred
신선하다03,pred
신속하다02,pred
신중하다,pred
싫다01,pred
심각하다02,pred
심심하다01,pred
심하다,pred
싱겁다,pred
싱싱하다,pred
싸다05,pred
썰렁하다,pred
쓰다06,pred
쓸데없다,pred
쓸쓸하다,pred
씩씩하다02,pred
아깝다,pred
아니다,pred
아름답다,pred
아무렇다,pred
아쉽다,pred
아프다,pred
안녕하다,pred
안되다02,pred
안전하다,pred
안타깝다,pred
알맞다,pred
야하다01,pred
약하다01,pred
얄밉다,pred
얇다,pred
얕다,pred
어둡다,pred
어떠하다,pred
어떻다,pred
어렵다,pred
어리다03,pred
어리석다,pred
어색하다02,pred
어지럽다,pred
억울하다,pred
엄격하다02,pred
엄숙하다,pred
엄청나다,pred
없다01,pred
엉뚱하다,pred
여전하다,pred
연하다01,pred
엷다01,pred
영원하다,pred
예쁘다,pred
올바르다,pred
옳다01,pred
완벽하다,pred
완전하다01,pred
외롭다,pred
용감하다,pred
우수하다02,pred
우습다,pred
우아하다,pred
우울하다,pred
웬만하다,pred
위대하다01,pred
위험하다,pred
유능하다,pred
유리하다01,pred
유명하다01,pred
유사하다03,pred
은은하다02,pred
이러하다,pred
이렇다,pred
이롭다02,pred
이르다03,pred
이상하다,pred
익다02,pred
익숙하다,pred
일정하다,pred
있다01,pred
자랑스럽다,pred
자세하다01,pred
자연스럽다,pred
자유롭다,pred
작다01,pred
잘나다,pred
잘생기다,pred
잦다03,pred
재미없다,pred
재미있다,pred
재밌다,pred
저렇다,pred
적다02,pred
적당하다02,pred
적절하다,pred
적합하다,pred
젊다,pred
점잖다,pred
정직하다01,pred
정확하다01,pred
조그마하다,pred
조그맣다,pred
조심스럽다,pred
조용하다01,pred
좁다01,pred
좋다01,pred
죄송하다,pred
주요하다,pred
중대하다01,pred
중요하다02,pred
즐겁다,pred
지겹다,pred
지나치다,pred
지루하다01,pred
지저분하다,pred
진실하다,pred
진지하다,pred
진하다01,pred
짙다02,pred
짜다03,pred
짜증스럽다,pred
짧다,pred
차갑다,pred
차다04,pred
착하다,pred
참되다,pred
창피하다,pred
철저하다,pred
초조하다,pred
촌스럽다,pred
춥다,pred
충분하다01,pred
친절하다,pred
친하다,pred
침착하다02,pred
캄캄하다,pred
커다랗다,pred
크다01,pred
탁월하다,pred
투명하다02,pred
특별하다,pred
특이하다,pred
특정하다,pred
튼튼하다,pred
틀림없다,pred
파랗다,pred
편리하다,pred
편안하다01,pred
편하다,pred
평범하다,pred
평화롭다,pred
포근하다,pred
폭넓다,pred
푸르다,pred
풍부하다,pred
피곤하다,pred
피로하다02,pred
필요하다,pred
하얗다,pred
한가하다02,pred
해롭다,pred
행복하다,pred
화려하다,pred
확실하다,pred
환하다01,pred
활발하다,pred
훌륭하다,pred
흐리다02,pred
흔하다,pred
흥미롭다,pred
희다,pred
힘겹다,pred
힘들다,pred
힘차다,pred
